history_mode,success_rate,nodes_expanded,best_path_len,runtime_sec
full,4.27,92.70967741935483,25.674297606659728,26.796007961243525
none,4.06,88.67013527575442,23.135275754422477,23.869629431593463
