history_mode,success_rate,nodes_expanded,best_path_len,runtime_sec
full,38.61,8.969823100936525,6.7356919875130075,15.261725138142602
none,37.98,8.088449531737773,6.610822060353798,18.13429638976066
