history_mode,success_rate,nodes_expanded,best_path_len,runtime_sec
full,46.72,4.595213319458897,8.716961498439126,16.160803812422927
none,45.99,5.376690946930281,8.575442247658689,15.979546523765721
